,layers=1,layers=2,layers=3,layers=4,layers=5,layers=6,layers=7,layers=8,layers=9,layers=10,layers=11,layers=12,layers=13,layers=14,layers=15,layers=16,layers=17,layers=18,layers=19,layers=20
0,12.29295539855957,12.231978416442871,10.639978408813477,12.769160270690918,11.332762718200684,7.274806976318359,8.245813369750977,14.02672290802002,11.742762565612793,10.407363891601562,9.9091215133667,10.635588645935059,11.03394603729248,9.741759300231934,12.262648582458496,9.257814407348633,13.219515800476074,8.803504943847656,11.20649242401123,10.277186393737793
1,3.6024277210235596,4.908612251281738,4.767940044403076,5.707303047180176,5.517078399658203,5.4806647300720215,7.227893352508545,5.453876495361328,3.7344295978546143,5.622871398925781,4.547109603881836,5.079392910003662,5.737447738647461,5.15155553817749,4.41061544418335,5.485456466674805,5.761983394622803,5.965229034423828,4.647616863250732,5.953985214233398
2,2.7967522144317627,4.757452487945557,4.887425422668457,5.540685653686523,4.355926036834717,4.7486701011657715,5.4350714683532715,5.626692771911621,6.730923652648926,5.889125823974609,4.511789321899414,4.721249580383301,4.319634437561035,5.180293560028076,5.263377666473389,3.2281653881073,4.572137832641602,5.0553812980651855,6.618402004241943,4.389676570892334
3,0.29104071855545044,1.235597848892212,3.8163609504699707,4.640251159667969,5.820837020874023,4.431158542633057,5.039426326751709,5.911352634429932,5.50100040435791,6.228948593139648,3.6238720417022705,5.058597087860107,5.957012176513672,4.570605754852295,6.354115962982178,6.3368635177612305,4.293430328369141,5.232499122619629,6.377270698547363,3.920362949371338
4,0.0007507217233069241,7.009152614045888e-05,0.6213865280151367,3.354637861251831,4.65327262878418,4.9820146560668945,5.2194342613220215,4.998715400695801,5.420664310455322,4.3656744956970215,4.792403697967529,5.680014610290527,5.1320390701293945,5.728759288787842,4.929265975952148,4.889199733734131,4.774312496185303,4.629933834075928,5.297704696655273,5.053376197814941
5,1.7915339185492485e-06,0.002404087921604514,0.00020804736413992941,0.24436867237091064,3.353415012359619,4.765117168426514,4.706288814544678,3.931791067123413,4.988897323608398,4.697338104248047,2.7654218673706055,5.656118869781494,3.6456170082092285,5.4173688888549805,5.724864959716797,5.150921821594238,4.466784954071045,4.4784770011901855,5.285299301147461,5.209606170654297
6,3.4494917144911597e-08,5.626330312225036e-05,7.734404061920941e-05,0.00020319956820458174,0.28840863704681396,2.9486474990844727,3.7606256008148193,2.939113140106201,4.843604564666748,3.552565813064575,3.3041088581085205,5.143364906311035,4.931839942932129,3.695861577987671,4.565790176391602,4.103312969207764,3.937077283859253,4.826512813568115,4.8695878982543945,4.342700481414795
7,2.3378470359602943e-07,5.028968371334486e-05,9.286943054576113e-07,2.070993105007801e-06,0.00013505313836503774,0.8916661143302917,3.216505765914917,3.878844976425171,3.738877534866333,4.267892837524414,4.3998236656188965,4.0639801025390625,4.551623821258545,5.609731197357178,5.648892879486084,4.62069845199585,4.270758152008057,3.060833692550659,4.891138076782227,4.548476696014404
8,8.713480383448768e-06,3.151746932417154e-05,6.598958862014115e-05,6.675723398075206e-06,4.970974987372756e-05,0.00010580369416857138,0.2421347200870514,2.3188533782958984,3.2609524726867676,4.402560710906982,3.4551117420196533,4.709580421447754,4.812709331512451,4.0586113929748535,4.135499477386475,3.2061870098114014,3.1623780727386475,4.46544885635376,4.119632720947266,4.648237705230713
9,0.00012882601004093885,5.4147676564753056e-06,0.00012625197996385396,4.6951959120633546e-07,0.00022425987117458135,2.5316854589618742e-05,0.00016051785496529192,0.8312748074531555,1.9677637815475464,4.038029670715332,4.124469757080078,4.438538551330566,3.773571729660034,4.676745891571045,3.2170464992523193,3.8710668087005615,3.721881151199341,3.067169666290283,3.8237526416778564,4.979960918426514
10,3.108540795437875e-06,3.5189157188142417e-06,8.195004738809075e-06,4.123651160625741e-05,4.850018058277783e-07,1.8558739611762576e-05,8.654310659039766e-05,0.0020891940221190453,1.3865585327148438,4.052837371826172,3.7912464141845703,5.028565883636475,2.763625383377075,3.509047746658325,5.295512676239014,3.4327526092529297,3.3959827423095703,2.739636182785034,4.699251174926758,4.3904547691345215
11,0.000222905189730227,5.392599177866941e-06,0.00012421890278346837,3.9132864912971854e-05,0.00012008203339064494,4.411964482642361e-08,5.265690924716182e-05,9.354155190521851e-05,0.039381302893161774,1.4656938314437866,2.390340566635132,2.7782764434814453,3.3890182971954346,3.9611213207244873,2.5487747192382812,2.922846555709839,3.5669116973876953,4.633317470550537,2.94549822807312,4.908478736877441
12,6.582417881872971e-06,2.8315853342064656e-05,3.465152929038595e-07,3.393045062694e-06,0.00025838695000857115,2.54256883636117e-06,2.7409767426433973e-05,7.24869664736616e-07,2.10682992474176e-06,0.6222765445709229,1.5800435543060303,2.742643356323242,1.8838424682617188,3.5824837684631348,3.3879528045654297,1.8218847513198853,2.253302574157715,3.814286470413208,3.8800690174102783,4.269889831542969
13,1.1154046660521999e-05,1.92323586816201e-05,7.561349775642157e-05,8.663184416946024e-05,6.975261612751638e-07,8.227798389270902e-06,6.934699194971472e-05,1.8372276826994494e-05,3.662402741611004e-05,9.275428965338506e-06,0.14874325692653656,2.329730987548828,1.3039336204528809,1.8134262561798096,2.613996982574463,1.6015926599502563,2.359931707382202,2.1558942794799805,3.0192010402679443,4.414973735809326
14,1.2259908544365317e-05,4.4260174036026e-05,0.0006083209882490337,2.5307258511020336e-07,6.930332165211439e-05,9.51365382206859e-06,0.00018844223814085126,0.00045467904419638216,1.451555908715818e-05,2.3007401068753097e-06,4.747619186673546e-07,1.4450933933258057,0.20663729310035706,1.1565556526184082,2.6370091438293457,1.007681131362915,1.422533631324768,1.9795643091201782,2.82072377204895,2.6425065994262695
15,3.4141578453272814e-08,0.000145108497235924,2.248116106784437e-05,6.035904152668081e-05,0.00020551033958327025,3.0119868824840523e-05,4.6690934141224716e-07,3.4185643471573712e-06,4.361538685770938e-07,4.952837116434239e-05,7.851953341742046e-06,0.021246204152703285,0.0006145938532426953,0.9207891821861267,2.443258762359619,0.8050591349601746,1.3374128341674805,1.2153552770614624,1.8936256170272827,3.452545166015625
16,8.959033834798902e-07,2.547545250308758e-07,3.8010504795238376e-05,1.226983158630901e-06,5.334773595677689e-05,2.1721250959672034e-05,1.914254426083062e-05,7.02712895872537e-07,2.2619286028202623e-05,2.193512045778334e-05,1.9686702216858976e-05,0.00017322928761132061,0.00015214786981232464,0.06684388220310211,1.5834745168685913,0.20784054696559906,0.655270516872406,1.5928993225097656,1.4742180109024048,3.0249087810516357
17,3.2170835311262636e-06,1.3266499991004821e-05,7.635668453076505e-08,3.839660348603502e-05,3.954726253141416e-06,6.425036553991958e-05,2.5448505311942426e-06,0.0010557251516729593,7.793272743583657e-06,2.49263439400238e-06,0.0003136430459562689,2.0120671251788735e-05,9.174701699521393e-05,0.00013924120867159218,0.49253126978874207,0.0013191576581448317,0.37642598152160645,0.22266080975532532,2.022907018661499,2.652177572250366
18,1.4849921171844471e-05,0.00012658438936341554,1.2017610515613342e-06,7.43280133974622e-06,4.056561374454759e-05,2.3221953597385436e-05,7.366907084360719e-07,8.810871804598719e-06,1.136525042966241e-07,7.48813763493672e-05,9.512544056633487e-05,6.602058419957757e-07,0.00021184042270760983,9.650926585891284e-06,0.17912347614765167,9.37076547415927e-05,0.007314368616789579,0.09948965162038803,0.6207257509231567,2.374690294265747
19,9.145038347924128e-05,2.2469857867690735e-05,0.0001409739488735795,6.302553083514795e-05,3.5138826206093654e-05,0.00030679834890179336,7.733984966762364e-05,0.000373520830180496,0.0003197272017132491,2.500168193364516e-06,3.386899379620445e-06,2.0365245291031897e-05,1.7961734556593e-05,6.648633643635549e-09,0.0017276840517297387,7.420209158226498e-07,0.00011708596866810694,0.0027376324869692326,0.5881991386413574,2.903507947921753
20,3.822151484200731e-10,5.01308823004365e-05,1.1570325114007574e-05,3.173199365846813e-05,9.120691174757667e-06,6.11432406003587e-05,1.5453337027793168e-06,0.00010387031215941533,1.6137209968292154e-05,2.4776004465820733e-06,2.1234736777842045e-06,7.824828935554251e-05,5.576011972152628e-07,0.0005225383210927248,0.00013117468915879726,7.662442658329383e-05,9.053132998815272e-08,1.091004833142506e-06,0.11840792745351791,1.5165051221847534
21,9.1048568719998e-06,4.855255610891618e-06,6.528649691972532e-07,0.00029910478042438626,0.00011610255023697391,0.002573047997429967,0.00012017088010907173,9.239159226126503e-06,1.2714846889139153e-05,1.0291514627169818e-06,6.343617769744014e-06,3.099299647146836e-06,1.2823898032365832e-07,4.445707600098103e-05,7.684163574595004e-05,1.3228018360678107e-06,2.0462195607251488e-05,1.6713082004571334e-05,0.02280280739068985,1.6332279443740845
22,1.9090422938461415e-05,6.343617769744014e-06,4.092454673809698e-06,3.416763138375245e-05,0.00011491870827740058,0.00017160136485472322,2.659458573361917e-07,6.398309778887779e-05,2.990305620187428e-05,6.3977772697398905e-06,0.00010085038229590282,5.3780473535880446e-05,2.3921085812617093e-05,0.00052709347801283,2.4297974050568882e-06,8.839202791932621e-08,1.0751648915174883e-05,0.00014198353164829314,1.3409617167781107e-06,0.9206024408340454
23,4.462185643205885e-06,1.3904445950174704e-07,5.612944733002223e-06,9.044526450452395e-06,2.268307525810087e-06,1.269064796360908e-06,1.18296547952923e-05,4.956646080245264e-06,4.952400558977388e-06,3.676267442642711e-05,4.8553323722444475e-05,2.6843954401556402e-06,1.721782609820366e-05,5.551115691559971e-07,7.043126970529556e-09,7.1840172495285515e-06,0.00016001076437532902,6.7535665948526e-08,4.380769678391516e-05,0.008012417703866959
24,6.973669223953038e-05,6.397927791113034e-05,9.250758012058213e-06,3.235822805436328e-05,6.031689736119006e-06,1.0761032172013074e-05,3.496097633615136e-07,1.527742097096052e-05,3.508796726237051e-05,1.3570424016506877e-05,3.445532001933316e-07,2.0867539205937646e-05,7.31787622498814e-07,6.494019544334151e-07,0.00011346142127877101,1.345382770523429e-06,0.00025008467491716146,1.3536919141188264e-08,7.069964340189472e-05,0.0004638143873307854
25,2.2320926291286014e-05,1.4205170373315923e-06,7.164858743635705e-06,1.138454899773933e-05,0.0006863055168651044,1.010196046991041e-05,1.0745396139100194e-05,3.202005973435007e-05,2.987832203871221e-08,5.79423904127907e-05,5.1281927881063893e-05,2.5067947717616335e-07,8.26888299343409e-06,1.5663772501284257e-07,3.36484021090655e-07,1.5243890629790258e-05,2.9438129786285572e-05,7.528629066655412e-05,6.758337985957041e-05,3.2858683880476747e-06
26,0.00011054463539039716,5.704932846128941e-07,8.583921839999675e-07,5.494417791851447e-07,5.109429548610933e-05,2.122084197253571e-08,1.4292961168393958e-05,1.6803463722681045e-06,1.0353574907639995e-05,0.001291404478251934,1.2543695447675418e-05,0.00011587145127123222,8.945048466557637e-05,2.1574824131675996e-05,1.0238372851745225e-06,0.00025145141989924014,0.00045279995538294315,4.6432796807494015e-06,1.7844713511294685e-05,0.00012025452451780438
27,8.017161235329695e-06,0.00013879142352379858,9.214938472723588e-05,0.00012335943756625056,6.505570581794018e-06,0.00012008725752821192,4.196321242488921e-06,2.3123253413359635e-05,7.500522042391822e-05,0.00010454691800987348,7.437470048898831e-05,1.5158375390456058e-06,2.677440170373302e-05,4.288642230676487e-06,0.0004268226330168545,1.2066999488524743e-07,3.0458068067673594e-06,3.866298357024789e-05,1.2917987078253645e-05,0.0004499330243561417
28,6.871802270325134e-06,3.367606768733822e-05,1.5176942724792752e-07,1.818268901843112e-05,7.639502541678667e-07,9.446618787478656e-05,3.3513002563267946e-05,5.5700979828543495e-06,1.2356936167634558e-05,3.961366928706411e-06,2.4514001779607497e-06,6.70162125970819e-06,1.5663772501284257e-09,1.5393194189528003e-05,6.701616803184152e-05,1.6687747120158747e-05,8.293582141050138e-06,1.9754461391130462e-05,0.00011754046863643453,7.4705494625959545e-06
29,1.6412290278822184e-05,7.693780617046286e-07,0.00023870254517532885,2.7175603463547304e-05,0.00010674258373910561,4.9166603275807574e-05,6.90308752382407e-08,1.4784973245696165e-08,1.0723523701017257e-05,2.3468475774279796e-05,2.8009662855765782e-05,0.0003452414821367711,2.8526847017928958e-05,0.00019014142162632197,0.00017148895130958408,9.729560406412929e-05,2.1228494006209075e-05,1.966554918908514e-07,5.222527761361562e-05,4.893283858109498e-07
30,3.140513945254497e-05,1.7402329831384122e-05,0.0001338257425231859,1.60301206051372e-05,1.880399213405326e-05,6.89544394845143e-05,2.041590960288886e-06,2.5715439733176026e-06,2.2161848391988315e-06,1.3140017472323962e-05,1.1408696082071401e-05,6.477122951764613e-05,2.1998880583851133e-06,2.7539736038306728e-05,0.00037111941492184997,0.00018662039656192064,0.00013350600784178823,1.6088051779661328e-06,4.2884727008640766e-05,3.8852973375469446e-05
31,0.0002345728426007554,1.9056245719184517e-06,3.5899349768442335e-06,8.34570819279179e-05,1.5932901078485884e-05,3.9587584410583077e-07,1.4663086403743364e-05,1.026251084113028e-06,2.9314076527953148e-05,3.946196557080839e-06,9.808738923311466e-07,0.00014527513121720403,1.8523831386119127e-05,1.2127634363423567e-06,3.893329449056182e-06,3.4064578358083963e-07,0.0013880275655537844,0.0002552234218455851,0.00012338062515482306,9.884920291369781e-05
32,1.3984390534460545e-08,0.0003854474925901741,0.0018631527200341225,1.0450462468725163e-05,9.783216228242964e-06,0.00018753348558675498,3.241075319238007e-06,3.189874769304879e-05,1.6136473277583718e-06,2.4936811314546503e-05,6.657968333456665e-05,0.00025209455634467304,0.00016923593648243695,0.0005955459782853723,3.6936696687916992e-06,1.0800173185998574e-05,7.902809556981083e-06,3.223073008484789e-08,2.635169767017942e-05,1.3260944342619041e-08
33,5.581357527262298e-06,0.00010413779091322795,1.7687943909550086e-07,1.0301191650796682e-06,3.0126102501526475e-08,2.1679048586520366e-05,2.66684082816937e-07,2.1548252959746605e-07,7.249508053064346e-05,2.4213495635194704e-05,3.932998515665531e-05,7.503167580580339e-06,3.4820149608094653e-07,3.9138831198215485e-05,2.978583324875217e-05,0.00011135328531963751,1.0812713298946619e-05,7.325220212806016e-05,1.8657470718608238e-05,5.6392142141703516e-05
34,4.832168087887112e-06,1.8901302610174753e-05,5.192950993659906e-06,0.0001367374206893146,1.7289130482822657e-07,6.132823273219401e-06,9.846555713011185e-07,0.00023300531029235572,1.6483581930515356e-06,1.7776292224880308e-05,1.5610974514856935e-05,0.00019807321950793266,4.813557552552084e-07,3.249398650950752e-05,0.0001419210311723873,1.9119602256978396e-07,4.59409079667239e-08,3.2875971101020696e-06,1.8287428247276694e-06,2.3721668185316958e-08
35,3.829612978734076e-06,2.0470452000154182e-06,8.090245682979003e-05,0.00017833099991548806,2.486780249455478e-05,6.975261612751638e-07,3.6607518723030807e-06,5.120342757436447e-05,3.0340097509906627e-05,5.1159076974727213e-11,5.4788764828117564e-05,0.00010706798639148474,4.946798526361817e-07,0.00012180730846012011,1.3706015124625992e-05,0.00017784102237783372,9.070862142834812e-05,0.00036404348793439567,0.00016577998758293688,5.661795512423851e-07
36,0.00025577982887625694,1.5967179933795705e-07,8.44269452500157e-05,2.7282594601274468e-05,3.293308452612109e-07,8.397627243539318e-05,1.799408346414566e-05,1.737647835398093e-05,0.0001512199960416183,3.940777730804257e-07,2.6144047296838835e-05,7.687925244681537e-05,0.00022735531092621386,1.8581340555101633e-07,5.234325271885609e-06,2.3575012164656073e-08,3.2260650186799467e-05,0.00015423119475599378,1.5447407122337609e-06,6.867358752060682e-05
37,7.959111098898575e-05,1.921354305522982e-05,9.088127262657508e-05,0.0003687165735755116,8.860015077516437e-05,4.083777639607433e-06,4.256680767866783e-05,1.1808343515440356e-05,2.9314076527953148e-05,4.191438620182453e-06,8.422552491538227e-05,8.974386582849547e-05,2.344341282878304e-06,1.5652451111236587e-05,0.0002201585884904489,6.8868102971464396e-06,1.9207943751098355e-06,4.0626375266583636e-05,7.300791821762687e-06,3.6166638892609626e-05
38,1.2101393167540664e-06,1.398635777150048e-05,3.7282015341588703e-07,3.4488919482100755e-05,8.724986400920898e-05,9.374920045956969e-05,9.710756421554834e-05,2.102466532960534e-05,8.099730621324852e-06,2.8389482395141385e-05,0.00020707874500658363,0.00015853038348723203,0.0003410634526517242,1.994176727748709e-06,1.144948328146711e-06,2.2870181055623107e-06,2.129731910827104e-06,2.879233034036588e-05,2.5570359412085963e-06,7.650169209227897e-06
39,7.895852149886196e-07,9.094947017729282e-11,0.00013337930431589484,3.4693643101491034e-05,2.403316284471657e-05,1.6767709894338623e-05,1.746604175423272e-05,8.488336789014284e-08,3.247946779083577e-06,2.579196006990969e-06,9.197095641866326e-05,5.546489774133079e-06,6.613687446588301e-07,3.465152929038595e-07,1.849435648182407e-06,0.0001521596423117444,5.3504576499108225e-05,5.8930210798280314e-05,0.00033687581890262663,2.1234736777842045e-06
40,0.00011612309754127637,0.00024516243138350546,2.0384619347169064e-05,6.233607564354315e-06,0.0007624736172147095,0.0003558383323252201,7.236521923914552e-05,8.41686487547122e-05,8.141364378388971e-05,4.216858997097006e-06,7.543712854385376e-06,7.004940016486216e-06,1.284439622395439e-05,0.00013178159133531153,1.720200089039281e-05,8.002134563867003e-07,2.7409767426433973e-05,3.1463954655919224e-05,2.523534385545645e-05,8.676948937136331e-07
41,7.88271427154541e-06,9.872597001958638e-05,4.348095899331383e-06,0.00023778989270795137,5.980271453154273e-06,4.164784331806004e-05,3.581762939575128e-05,7.041126082185656e-05,6.432801455957815e-06,1.9322385924169794e-05,6.61181184113957e-06,9.261687227990478e-05,5.802042778668692e-06,0.00015231849101837724,1.0315716281183995e-08,9.138655150309205e-05,9.964514902094379e-08,0.00031536814640276134,7.366907084360719e-09,2.5067949536605738e-05
42,5.064876677352004e-05,2.301103450008668e-07,6.435220711864531e-06,5.512458301382139e-05,0.00029128912137821317,0.000155947360326536,0.0001704726309981197,1.475599674449768e-06,3.980370820499957e-06,0.0001023210134007968,0.0004422587517183274,1.541779056424275e-06,4.7382911816384876e-08,3.933596599381417e-05,9.771288205229212e-06,6.609034608118236e-05,1.222654009325197e-05,6.391826900653541e-05,1.6668273019604385e-05,3.4803269954863936e-05
43,2.3152283574745525e-06,1.0209444099018583e-06,4.038613496959442e-06,0.00037783695734106004,0.00018649015692062676,1.6063868315541185e-06,1.1856109267682768e-06,9.999165740737226e-06,1.1861302482429892e-06,9.84182406682521e-07,1.4623074093833566e-06,9.286943054576113e-07,2.412731646472821e-06,3.338338865432888e-05,1.385499672323931e-06,4.045324203616474e-06,1.1885482308571227e-05,4.812272891285829e-06,1.2935131053382065e-05,2.8614422262762673e-06
44,0.00028858540463261306,0.0002896880905609578,5.75847843720112e-06,1.8542306861490943e-05,7.22638433217071e-05,6.365549052134156e-05,0.000246261217398569,7.179844487836817e-07,1.2113424418203067e-05,0.0001688701449893415,0.0001531848101876676,3.0759147193748504e-05,5.652554591506487e-06,0.0001097439308068715,4.789767262991518e-05,2.3811599021428265e-05,2.0600282368832268e-06,9.949468221748248e-06,3.838016255031107e-06,2.3762760974932462e-05
45,0.00011397500202292576,1.4459295016422402e-05,1.2584260730363894e-05,3.5126570310239913e-06,6.0759801272070035e-05,8.61103217175696e-06,0.00024742988171055913,1.2995224096812308e-07,3.061123061343096e-05,4.156368504482089e-06,0.0002721475902944803,3.2276901038130745e-05,3.3527612686157227e-08,0.00013728998601436615,7.86264627095079e-06,8.875732601154596e-05,3.267908687121235e-05,6.679774742224254e-07,2.220842543465551e-05,0.00021343273692764342
46,2.489158941898495e-05,2.0923203010170255e-06,5.431424142443575e-06,5.4603565331490245e-06,0.00011051455658162013,4.038662518723868e-05,0.00020870818116236478,5.2522042096825317e-05,4.1300838347524405e-05,6.689282599836588e-06,3.080859187321039e-06,3.0391529435291886e-06,0.0004637116508092731,0.00016720739949960262,1.541565143270418e-05,9.6494468380115e-06,9.991627848648932e-06,6.037386128809885e-07,1.0737581760622561e-05,1.967400748981163e-05
47,3.8623425098194275e-06,0.0001907665719045326,0.0004328728828113526,6.60935984342359e-06,4.5718570618191734e-07,2.5132450900855474e-05,4.9736652727006e-05,1.0836246474354994e-05,3.0661376513307914e-05,0.00010465909872436896,3.496661884128116e-05,8.026893920032308e-05,3.1795614177099196e-06,2.135999693564372e-06,1.014747886074474e-05,2.3125544146296306e-07,3.0708238227816764e-06,1.178705133497715e-07,1.7716030924930237e-05,5.529819873117958e-07
48,4.529927537078038e-06,0.00012797772069461644,3.7907680962234735e-05,1.4381896562554175e-08,6.612911238335073e-05,2.97959559247829e-06,1.591387263033539e-05,6.212778771441663e-07,7.856072625145316e-05,1.4551915228366852e-11,2.7845317163155414e-06,0.0003808645997196436,2.4142134407156846e-06,3.4123956993425963e-06,1.5546984286629595e-05,5.4355488828150555e-05,7.579190423712134e-05,1.87007481144974e-05,0.0007301178993657231,4.432364221429452e-05
49,3.247768108849414e-05,1.8125800124835223e-05,1.2153286661487073e-05,2.3501856958318967e-06,8.367504051420838e-05,5.5223750678123906e-05,2.172392214561114e-06,1.9293952391308267e-06,5.162570232641883e-06,3.4103555663023144e-05,7.519116707044304e-07,0.00015538813022430986,0.00011190241639269516,0.00010127222776645795,7.427601758536184e-06,0.0009499539737589657,5.346191755961627e-06,0.0001003911966108717,1.2852310646849219e-06,5.560355566558428e-05
50,1.4154488781059626e-07,1.4628840290242806e-06,0.000264625035924837,0.00016584136756137013,3.7138584048079792e-06,0.00010811160609591752,0.004871427547186613,4.627156522474252e-05,6.413957453332841e-05,5.263822004053509e-06,1.659243571339175e-05,9.022332960739732e-07,1.7572347132954746e-06,2.7948854040005244e-06,5.605039632428088e-08,0.0003084626514464617,0.00012285684351809323,8.357038313988596e-05,5.675250577041879e-06,4.970457212039037e-06
51,1.8684255564949126e-07,0.0008560173446312547,4.779872324434109e-05,0.00038568154559470713,7.291775546036661e-06,3.3759130019461736e-05,0.00024696506443433464,4.809588426724076e-05,5.1463316594890784e-06,7.928298373371945e-08,1.4881175047776196e-07,8.683946361998096e-06,3.091272446908988e-07,3.2741809263825417e-07,1.4009549886395689e-05,3.3693709156068508e-06,1.0320559340470936e-06,2.149960209862911e-08,7.909513442427851e-06,0.00014324768562801182
52,2.8036611183779314e-06,1.736437297950033e-06,0.00011533313954714686,3.330078470753506e-05,2.7514715839060955e-05,1.8690439901547506e-05,1.5329105735872872e-06,1.2714846889139153e-05,6.33641320746392e-06,3.327327431179583e-05,1.2130025424994528e-05,1.9903094653273e-05,5.6131044402718544e-05,5.902398697799072e-06,1.2293324289203156e-05,0.00011416343477321789,1.646255623199977e-05,4.313803219702095e-05,1.0974893029924715e-06,3.766422196349595e-08
53,8.482612656735e-07,0.0004559915978461504,1.536514719191473e-05,1.5438126865774393e-05,7.618549261678709e-06,1.2363643691060133e-05,1.412571691616904e-06,7.208155921034631e-07,2.6601963327266276e-05,0.00010292482329532504,0.001608323655091226,0.00014322486822493374,9.121341281570494e-05,1.373179202346364e-06,0.00011151435319334269,0.001888782950118184,0.0008685773354955018,8.074384095380083e-05,2.0292149201850407e-05,3.961366928706411e-06
54,4.07414700021036e-06,1.5763110923217027e-06,7.536906196037307e-05,3.419551285333e-05,1.966554918908514e-07,7.456810271833092e-05,5.343987140804529e-06,3.599192132242024e-05,5.7642012052383507e-08,1.4623074093833566e-06,3.980370820499957e-06,3.467117858235724e-05,0.0002866203140001744,1.1966169950028416e-05,0.00010255266533931717,1.2014052117592655e-05,1.615445398783777e-05,3.4547749237390235e-05,6.243259849725291e-05,2.7702276383934077e-06
55,2.0946026779711246e-05,1.2594141480803955e-06,0.0007015292067080736,3.736941289389506e-05,3.9467667534154316e-07,1.7915339185492485e-06,9.751921425049659e-06,4.162322966294596e-07,8.504584911861457e-07,1.5052886510602548e-06,7.244211246870691e-06,2.964286795759108e-05,3.1592469895258546e-05,6.762258999515325e-05,2.6707823053584434e-05,8.986135071609169e-07,4.729565989691764e-05,4.2800456867553294e-07,0.0001025913079502061,2.3758402676321566e-06
56,2.5044078938663006e-05,1.7616621335037053e-06,8.073527715168893e-05,6.956556171644479e-05,4.946035915054381e-06,2.4853540026015253e-07,0.0007285596802830696,5.668973699357593e-07,1.5357669326476753e-05,3.553850910975598e-05,2.976304131152574e-06,1.0319847206119448e-05,0.0001505113032180816,9.208989695252967e-07,1.529606379335746e-05,1.4330845260701608e-05,2.788866186165251e-05,1.260118187929038e-05,7.85353790888621e-07,5.9955909819109365e-05
57,1.6781377780716866e-05,0.00016686844173818827,2.605391273391433e-05,2.531205609557219e-05,2.099843550240621e-05,4.8337591579183936e-05,1.8774247791952803e-06,0.00011490849283291027,6.145819497760385e-06,1.0825260687852278e-09,6.153911090223119e-05,7.762107270536944e-05,6.011478035361506e-07,7.212204309325898e-07,4.436810195329599e-05,7.0840040280018e-05,4.8300717025995255e-06,9.96091912384145e-05,0.00011249336239416152,0.0002761900541372597
58,4.143739715800621e-06,5.615248710455489e-07,3.991828998550773e-05,6.9486050051637e-05,0.00040743398130871356,8.136414180626161e-06,3.025085970875807e-05,8.11557038105093e-05,5.538332698051818e-05,3.88298667530762e-06,1.637753848626744e-05,2.228269067927613e-06,3.1931806461216183e-06,0.00021513589308597147,2.6668407372199e-05,0.0014522098936140537,0.000132406348711811,5.2670751756522804e-05,0.00019360240548849106,3.750706810023985e-06
59,4.501840521697886e-05,2.2044687284505926e-05,1.1584927051444538e-05,2.9222578632470686e-06,1.4068509699427523e-05,3.3257492759730667e-06,7.232466714413022e-07,4.72791725769639e-06,7.951140105433296e-06,1.4301977898867335e-05,7.685417222091928e-05,3.8895668694749475e-06,3.0250375857576728e-06,5.017140574636869e-05,3.3836749935289845e-05,3.9010665204841644e-05,0.00029629922937601805,0.00010611784091452137,0.00034030654933303595,9.431469152332284e-06
60,3.255109675137646e-07,2.918770860560471e-07,1.831509143812582e-05,6.826876870036358e-06,0.0020296659786254168,0.00032909700530581176,5.024573692935519e-05,5.044874342274852e-05,0.00017381971701979637,1.1458678272902034e-05,2.3139305994845927e-05,1.2248225175426342e-05,0.00021008816838730127,9.893929018289782e-07,0.00022508185065817088,2.5213792469003238e-05,6.464284524554387e-06,0.0005405894480645657,3.3289779821643606e-07,7.893428119132295e-06
61,0.00019230418547522277,5.181257802178152e-05,8.191781671484932e-05,8.399374564760365e-07,7.861145422793925e-05,0.0003370246267877519,0.0006928794900886714,2.960134679597104e-07,0.0003190624702256173,5.780817082268186e-05,9.377227979712188e-05,1.4837200978945475e-06,2.9084167181281373e-06,1.041657742462121e-05,3.587472747312859e-05,2.96233588414907e-06,5.86815585847944e-05,0.00019447253725957125,0.00031478411983698606,1.516951306257397e-05
62,1.5309122318285517e-05,1.2143393632868538e-06,1.0412804840598255e-08,2.7111009330837987e-05,4.641225132218096e-06,1.1667846592899878e-05,9.927157407219056e-07,1.2183227227069438e-07,3.012772140209563e-05,4.343125965533545e-06,1.710917604214046e-05,0.00020469087758101523,7.455987361026928e-05,4.298783460399136e-05,5.5720960517646745e-05,5.13335908181034e-06,3.650292637757957e-05,1.7257718809560174e-08,0.00033543334575369954,4.067412646691082e-06
63,7.248062956932699e-06,1.8663344008018612e-06,0.00035250012297183275,6.696543277939782e-05,7.567305146949366e-06,1.0756195933936397e-08,9.750432582222857e-06,3.3427485846004856e-07,2.388351731497096e-06,3.0621782798334607e-07,0.0003368145553395152,9.966020115825813e-06,4.836743391933851e-05,2.4770410163910128e-05,1.6007217709557153e-05,2.6476680432097055e-05,1.6822425095597282e-05,2.6685645934776403e-05,0.0001974160986719653,5.364418029785156e-07
64,6.181998469401151e-05,1.9297240214655176e-05,7.725181058049202e-05,1.2728278306894936e-06,8.288090612040833e-06,8.749946573516354e-05,6.750501052010804e-05,0.00020742882043123245,1.6785284969955683e-05,7.008754619164392e-05,2.0036150090163574e-06,1.4002412171976175e-05,5.6901761126937345e-05,1.119389617088018e-05,0.00037145937676541507,0.00019355598487891257,3.152014687657356e-05,0.00010265893070027232,3.8025996218493674e-06,5.53190102436929e-06
65,3.5520897654350847e-06,0.00016846142534632236,3.738690429599956e-05,8.388017158722505e-05,4.60092081766561e-07,9.081850294023752e-06,0.00013073816080577672,0.00015563788474537432,1.1865762644447386e-05,7.131441179808462e-07,9.020164725370705e-06,2.3021866581984796e-06,0.0002116808173013851,9.725135896587744e-06,4.049161361763254e-06,8.904955757316202e-05,0.000141279844683595,1.553049173708132e-06,2.1195553927100264e-05,3.925384589820169e-06
66,9.940464951796457e-05,0.00045498411054722965,0.0001825713407015428,0.00013467106327880174,4.984095721738413e-05,1.5076295767357806e-08,5.520691047422588e-06,0.00010649640898918733,4.15463546232786e-05,2.4168934032786638e-05,1.2402236279740464e-05,4.627481030183844e-05,1.1731826816685498e-06,4.2355521145509556e-05,1.5862555301282555e-05,1.7947262449524715e-06,2.7404772481531836e-05,6.266986929404084e-10,4.58573158539366e-05,9.241048246622086e-07
67,1.2840979479733505e-07,4.3670088416547514e-06,0.00010915529128396884,5.13984332428663e-06,2.5704608560772613e-05,6.6597167460713536e-06,5.032306944485754e-06,7.281210855580866e-05,0.00035321671748533845,7.738790372968651e-06,5.7345041568623856e-05,7.494740566471592e-05,0.0005448106094263494,0.00010157956421608105,1.5919149518595077e-06,3.1710646908322815e-06,9.230464456777554e-06,2.475854330441507e-07,2.823657268891111e-06,3.3049116154870717e-06
68,2.2821574020781554e-05,1.659243571339175e-05,1.0364203717472265e-08,8.122015060507692e-07,2.0721850887639448e-05,1.341104507446289e-07,1.4316407259684638e-07,1.3263025721244048e-05,2.5453797206864692e-05,0.0006564690847881138,1.0223902791040018e-06,0.00014450601884163916,1.1951328815484885e-07,1.373179202346364e-06,0.00023357340251095593,8.087521564448252e-06,1.2333481436144211e-07,4.6827881305944175e-05,0.00029937695944681764,0.0003197442274540663
69,1.2943706906298758e-07,8.410717782680877e-06,6.559508619830012e-05,3.219838617951609e-07,0.00019280044944025576,4.983759254173492e-07,1.6643137996652513e-06,1.8075252228300087e-06,8.204562618630007e-06,6.082151230657473e-06,1.1623910722846631e-07,0.0004738706338685006,0.00017904490232467651,1.8171543842981919e-06,0.0004109160217922181,2.75912771030562e-06,3.54901967511978e-05,9.448473292650306e-07,3.475265111774206e-05,3.0595401767641306e-09
70,2.7617361411103047e-05,0.00015125516802072525,6.89306898493669e-06,6.0603790188906714e-05,0.0006394159281626344,5.38644271728117e-05,2.2920687570149312e-08,3.7516299471462844e-06,9.443838280276395e-07,2.4262793886009604e-05,8.995834832603578e-08,2.875140694413858e-07,7.814286800567061e-05,2.032063775914139e-06,6.892275996506214e-05,4.917444584862096e-06,2.8166346055513714e-07,1.1682510375976562e-05,5.418687578639947e-05,7.864950748626143e-05
71,9.339437383459881e-06,2.4924906938394997e-07,4.131310197408311e-05,0.0004035451856907457,1.0839385140570812e-05,2.1569576347246766e-08,8.645884008728899e-09,1.1839496437460184e-05,6.821893748565344e-06,1.5398807590827346e-05,0.00017252708494197577,3.0955161491874605e-05,4.253166707712808e-08,0.00040818509296514094,2.657000095496187e-07,3.722089604707435e-05,2.661918188096024e-07,3.145325536024757e-05,0.0001272989175049588,9.377690003020689e-05
72,7.955283081173548e-07,3.877573908539489e-05,4.684093801188283e-05,1.0761141311377287e-06,4.317327238823054e-06,7.917051334516145e-07,5.545432213693857e-05,9.97805836959742e-05,6.880010232634959e-07,2.506203600205481e-08,8.443132060165226e-07,6.691081216558814e-05,0.00010780442244140431,0.000260168279055506,2.5478939278400503e-06,0.0002541124413255602,2.744889116002014e-06,3.148803079966456e-05,0.00022826936037745327,5.679750074705225e-07
73,7.561764505226165e-05,6.226693949429318e-05,3.296045179013163e-07,4.764390178024769e-05,0.00010459569602971897,2.724275691434741e-05,0.00027321846573613584,1.2728278306894936e-06,0.0003813114599324763,1.0613257472869009e-06,1.8113736359737231e-06,3.151479904772714e-05,4.9750098696677014e-05,3.974664650741033e-06,9.504175295660389e-07,2.2533193259732798e-05,1.4502234080282506e-06,8.073955541476607e-05,8.193639587261714e-06,2.0408304408192635e-05
74,4.386136424727738e-05,0.00015223611262626946,5.747041541326325e-06,0.0008377560297958553,9.072224429473863e-07,3.22687737934757e-05,8.574648381909356e-05,0.00010025747178588063,1.0208327694272157e-05,6.038497303961776e-05,0.00036268914118409157,1.5798052118043415e-05,8.337869076058269e-05,4.56057969131507e-05,4.012781573692337e-06,0.00019388781220186502,4.734486083179945e-07,2.4097698769764975e-06,0.00010615224164212123,3.5207053770136554e-06
75,2.9611726859002374e-05,6.290445162449032e-05,9.386127203470096e-06,4.980029189027846e-08,1.8319173250347376e-05,5.959300324320793e-06,6.3388142734766e-08,0.0008200602605938911,1.1388337952666916e-06,0.00013411276449915022,3.8249004319368396e-07,7.354225090239197e-05,2.8290485715842806e-05,4.749715571961133e-06,5.587412306340411e-05,2.504407916603668e-07,2.563454290793743e-05,1.4542459894073545e-06,0.00011284260835964233,0.00019732229702640325
76,2.4363898774026893e-05,4.846697265747935e-07,1.0329040378564969e-07,6.2015046751184855e-06,7.3394958235439844e-06,0.0034694205969572067,0.00010477621253812686,8.283972420031205e-06,2.4472285076626576e-05,3.358757385285571e-05,7.010749686742201e-05,4.501200601225719e-05,4.854205599258421e-06,9.206243703374639e-05,5.905874786549248e-06,1.7547841707710177e-05,3.499199738143943e-05,2.9700013328692876e-05,2.9552076739491895e-05,1.4624765753978863e-07
77,1.0369058145442978e-06,8.455843635601923e-05,1.0954920526273781e-06,6.968890374992043e-05,2.6922139113594312e-06,2.857270828826586e-07,5.149577191332355e-06,0.00011036923388019204,2.009501440625172e-05,1.5011960385891143e-06,4.187535068922443e-06,5.733332272939151e-06,0.00021688794367946684,2.399110235273838e-05,3.8683741877321154e-05,0.0001629069447517395,1.2236545444466174e-05,3.7270372558850795e-05,2.8429203666746616e-06,3.0695711757289246e-05
78,1.2148300811531954e-05,9.186123861582018e-09,1.1115209872514242e-06,3.443852983764373e-05,9.199840178553131e-07,2.136272451025434e-05,3.0458068067673594e-08,2.2675894797430374e-06,1.4734383512404747e-05,4.531643935479224e-05,4.1285520069322956e-07,0.0001753823016770184,1.4686570466437843e-06,7.284052117029205e-06,1.514166797278449e-05,5.563347713177791e-06,3.995445149485022e-05,2.1095993361086585e-06,9.6109724836424e-06,1.0061081411549821e-05
79,1.160306283054524e-06,2.9575408916571178e-05,1.9247001546318643e-05,4.087632987648249e-06,3.4148123972954636e-07,0.00027563562616705894,6.955806838959688e-06,3.349269491081941e-06,0.00023648285423405468,4.298783460399136e-05,5.7670487876748666e-05,9.564703304931754e-07,8.385843102587387e-06,2.3772058455051592e-07,1.1934850590478163e-05,2.5586283300071955e-05,2.4028486222960055e-05,9.122251753979072e-07,7.44487465453858e-07,6.388397014234215e-05
80,4.576372157316655e-05,1.0809577361214906e-05,3.6744495446328074e-08,0.00013080358621664345,3.231639311707113e-08,5.665031494572759e-06,4.075109700352186e-06,3.738398663699627e-05,3.170215450154501e-06,1.3575692719314247e-05,1.0350506272516213e-05,7.313798278119066e-07,0.00013386437785811722,1.6485781088704243e-05,1.1439316949690692e-05,1.52587890625e-05,4.0435126720694825e-05,2.3837201297283173e-05,1.9638069716165774e-05,0.0004433825670275837
81,2.588393726909999e-06,3.4008940019703005e-07,2.4569095330662094e-05,3.0875585252942983e-06,1.2753984265145846e-05,5.205998832025216e-08,0.00026901799719780684,6.763042620150372e-05,4.0523104871681426e-07,4.3489515519468114e-05,6.134101795396418e-07,2.5022605768754147e-05,6.668088872174849e-07,0.00045292172580957413,2.3942504867591197e-08,2.2476639060187154e-05,3.656191438494716e-08,6.0037167713744566e-05,1.586825237609446e-05,6.793279226258164e-06
82,6.809001433794037e-07,0.00010376344289397821,4.987125521438429e-07,2.090251655317843e-06,9.268571739085019e-05,1.9854326183121884e-08,2.03114850592101e-05,1.2115083336539101e-05,6.453735113609582e-05,3.66805397788994e-06,6.084159394958988e-05,0.00011423986143199727,3.6152771372144343e-06,3.518021685522399e-06,0.00010198847303399816,0.00013442215276882052,1.3289087519297027e-07,8.561847835153458e-07,0.00011239729792578146,3.696243311424041e-09
83,5.902398697799072e-06,7.31884074411937e-06,7.613285106344847e-06,2.5091827410506085e-05,5.579573780778446e-07,2.5976078177336603e-08,0.00011224568879697472,1.1230618838453665e-05,9.901043813442811e-05,0.0001228039909619838,0.00019000991596840322,2.4349777959287167e-05,8.577296830480918e-05,7.87467968166311e-07,0.000200523529201746,3.776396260946058e-05,3.8745347410440445e-06,9.631678949517664e-06,4.749715571961133e-06,7.598819593113149e-06
84,5.75733429286629e-06,1.9631730538094416e-05,1.1465136594779324e-05,6.287419819273055e-05,3.3222720503545133e-06,0.0001070285215973854,1.8931383465314866e-06,1.78809896169696e-05,9.33295268623624e-07,1.143418103310978e-06,3.89779124816414e-05,1.6325477190548554e-05,8.311444616992958e-06,0.0002843161637429148,4.279422137187794e-05,8.493594941683114e-05,2.7487209081300534e-05,5.574600436375476e-06,6.70162125970819e-06,9.317757212556899e-05
85,7.374416099992231e-08,1.8717248167376965e-05,3.074592677876353e-05,1.5464367606909946e-05,1.210663867823314e-06,4.350084964244161e-06,8.668067721373518e-07,1.7698994270176627e-06,1.7209913494298235e-07,3.2687262319086585e-07,2.838901764334878e-06,3.665289477794431e-05,3.0951036933402065e-06,1.6148590020748088e-08,4.011826604255475e-06,5.971615973976441e-05,1.2551367944979575e-06,9.234811841452029e-06,1.1397423804737628e-07,2.5237741283490323e-05
86,7.301568984985352e-05,0.00051074632210657,0.0007133494946174324,2.9616914616781287e-05,2.3655957193113863e-09,5.7771922001848e-07,1.9238634195062332e-05,2.319583472853992e-06,0.00017341133207082748,6.59465740682208e-06,6.5710992203094065e-09,8.391368282900658e-06,7.295051182154566e-05,1.3157306057109963e-05,7.278905741259223e-06,0.00011277676094323397,5.604890247923322e-05,1.3941810721007641e-05,0.0003572789719328284,5.619725470751291e-06
87,1.1362908480805345e-06,0.0003999229520559311,1.9254230210208334e-08,6.74613329465501e-06,2.810564183164388e-05,9.609494554752018e-06,1.514909126854036e-05,0.00041116736247204244,8.204562618630007e-06,0.00020507308363448828,0.00013796686835121363,9.532784133625682e-06,1.8669830751605332e-05,3.5709877010958735e-06,0.00014022761024534702,3.138910687994212e-05,6.571412086486816e-06,7.266163447638974e-05,4.9750098696677014e-05,1.7370657587889582e-06
88,0.00016461549967061728,9.541619874653406e-06,1.7919321180670522e-05,9.296136340708472e-07,3.932946128770709e-06,6.271762686083093e-06,2.9497664399968926e-07,3.7267345760483295e-06,9.794575817068107e-07,1.5584018910885789e-06,6.696683612972265e-06,7.7780794526916e-05,1.5609091860824265e-05,4.752220047521405e-05,8.388606147491373e-06,2.361654696869664e-05,8.182723831851035e-06,1.1283414096396882e-05,2.0991883502574638e-05,3.370246304257307e-08
89,1.5305391571018845e-05,5.2605017117457464e-05,2.4776004465820733e-06,2.236105501651764e-06,2.380461955908686e-05,1.2852310646849219e-06,3.2785479561425745e-05,1.6148591157616465e-06,3.4867880458477885e-06,1.3884894542570692e-05,0.0004941794904880226,1.5297931895474903e-05,8.937835082178935e-05,0.00014255796850193292,2.7173116905032657e-05,1.208042021971778e-06,1.7591315781828598e-06,6.145310180727392e-07,4.1371349652763456e-05,1.5214117411233019e-05
90,2.996905777763459e-06,1.8813470887835138e-06,6.53235474601388e-06,7.66204379942792e-08,1.1131762221339159e-05,1.101750967791304e-05,0.00019549127318896353,5.830592635902576e-05,5.43238602404017e-05,8.22232868813444e-06,3.61346405952645e-06,5.0913811719510704e-05,1.0130776217920356e-07,1.0918022780970205e-05,5.629903171211481e-06,4.511678071139613e-06,4.1316161514259875e-07,1.698319806564541e-06,3.404788367333822e-05,4.355242708697915e-05
91,1.885158235381823e-05,0.00028404287877492607,5.196714846533723e-05,1.2636752217076719e-05,3.496097633615136e-09,5.4968917538644746e-05,7.40033669899276e-08,4.827131124329753e-05,2.588393726909999e-06,0.00048743971274234354,6.707083957735449e-05,1.68839164871315e-08,2.8326005121925846e-05,3.766146983252838e-05,2.509182763787976e-07,3.3377880754414946e-05,4.104077504507586e-07,4.970974987372756e-05,6.654795924987411e-06,1.787068867997732e-06
92,7.614517016918398e-09,2.3655957193113863e-09,9.505569323664531e-05,2.336317038498237e-06,0.0011081863194704056,0.0005460690590552986,4.0090202674036846e-05,6.947014480829239e-05,1.1887282198586036e-06,2.4644787117722444e-05,9.543092346575577e-06,2.8453037884901278e-05,9.40310419537127e-05,4.326026464696042e-05,1.5058287317515351e-05,1.4919828572601546e-05,1.3266435416880995e-06,1.978719410544727e-08,2.132516328856582e-06,4.605340109264944e-06
93,0.00015090937085915357,3.13128157358733e-06,5.259446425043279e-06,8.974838419817388e-05,0.00010477132309461012,4.4019543565809727e-10,1.8486911358195357e-05,8.803104719845578e-05,7.611969977006083e-06,9.086764475796372e-05,6.596248567802832e-05,0.0001778791774995625,6.834600208094344e-05,7.560521453342517e-07,0.00019323104061186314,2.6552797862677835e-05,0.00030644761864095926,8.15819021227071e-08,1.0995363481924869e-05,4.862613423028961e-06
94,4.210985935060307e-06,2.3967751985765062e-05,6.459436008299235e-08,0.00012832316861022264,0.0005775425815954804,2.030503765126923e-09,5.2736722864210606e-06,1.0283116353093646e-05,7.815551725798286e-07,2.13669636650593e-06,0.00011416852794354782,9.596440941095352e-05,5.1214824452472385e-06,1.4222226809579297e-06,5.3373753416963154e-08,0.00027393619529902935,2.0561536075547338e-05,5.4785235988674685e-05,5.777947080787271e-06,3.2036246011557523e-07
95,2.2981308575253934e-05,1.9686699204157776e-07,7.033126166788861e-05,4.58153493809732e-07,2.183651758969063e-06,7.420620386255905e-05,5.253979907138273e-06,2.8921756438649027e-06,2.551701072661672e-10,9.190695209326805e-07,1.1644190180959413e-06,0.00010844403732335195,3.417877815081738e-05,2.5861987751341076e-07,9.890135697787628e-05,8.5914354713168e-05,8.605141192674637e-05,0.0004034302255604416,0.0002480603288859129,5.4464529966935515e-05
96,3.609784471336752e-05,0.0005037870723754168,2.1428893887787126e-05,4.123651160625741e-05,1.5146637224461301e-06,7.42431666367338e-07,0.00011018395889550447,4.441058536031051e-06,0.0012524788035079837,7.143177072066464e-08,3.1329691410064697e-06,0.00010700386337703094,6.535200373036787e-05,1.3088213563605677e-05,7.064381406962639e-06,2.0559241420414764e-06,2.640312595758587e-05,5.185720510780811e-05,0.00018137491133529693,4.8668202907720115e-06
97,4.090526090294588e-06,1.3315911928657442e-06,0.00014435700722970068,6.856810159661109e-06,6.806246528867632e-05,1.344276824966073e-06,1.2144976608396973e-05,2.6523322958382778e-05,1.3706015124625992e-05,3.5564095014706254e-05,4.635063305613585e-06,4.035330130136572e-05,0.00012017088010907173,4.53196516900789e-05,6.148184183984995e-10,4.3122374336235225e-05,4.386768068798119e-07,0.00018580704636406153,6.012587255099788e-05,9.428552584722638e-05
98,1.5837875253055245e-05,0.00010263477452099323,9.236923506250605e-05,5.474288991536014e-05,2.899478658946464e-06,2.4251052309409715e-05,3.9013641071505845e-05,1.2439207239367533e-05,1.0324443792342208e-05,0.0001309726940235123,0.00012315827189013362,8.774110028753057e-06,8.94014556251932e-06,0.0005498306127265096,2.0697980289696716e-05,0.000122719444334507,4.031908247270621e-06,0.00012666487600654364,2.168793071177788e-05,9.667573976912536e-07
99,2.0737388695124537e-08,0.00015346822328865528,1.9653271010611206e-06,4.289097341825254e-05,2.1915027900831774e-05,2.6868239729083143e-05,0.00022715404338669032,1.0647672752384096e-06,5.20491084898822e-06,2.0780498743988574e-05,3.189605922671035e-05,3.5709272196982056e-05,0.00013475406740326434,2.884072046072106e-06,7.496804755646735e-05,6.017765190335922e-05,5.1820911721733864e-06,9.74273461906705e-09,1.5648678527213633e-05,4.557038118946366e-05
100,0.00010689043119782582,2.2646510842605494e-05,1.5329105735872872e-06,1.7683933037915267e-05,5.000604232918704e-07,3.237179043935612e-05,4.645335138775408e-08,3.02089119941229e-05,0.00048738709301687777,6.178999001349439e-07,0.00017306613153778017,6.3343919464387e-05,6.354430752253393e-06,1.0703234693210106e-05,0.000572032411582768,9.234811841452029e-06,7.768408977426589e-05,0.00010024315270129591,0.00013152444444131106,1.8659531633602455e-05
